1.000000000000000000e+00,6.674405107370842910e-04,1.276842716192675949e-03,5.658734764944840009e-04,2.814857806152070915e-03,2.466627974463130079e-04,6.392919326755706899e-02,0.000000000000000000e+00,7.661056297156096026e-03,3.337202553685438260e-03,1.305861868833436523e-04,6.094022054556040178e-04,5.803830528148614146e-05,7.254788160185688740e-05,3.525827045850251154e-03,5.078351712130003666e-04,6.529309344167123254e-04,1.450957632037137748e-04,3.675275681950107565e-02,8.270458502611670228e-04,5.934416715031936088e-03,4.352872896111449836e-04,1.073708647707490981e-03,1.668601276842719130e-03,1.450957632037153537e-05,4.352872896111449836e-04,6.268136970400480130e-03,2.495647127103903500e-03,2.988972721996502845e-03,1.397272199651762754e-02,8.183401044689437784e-03,1.596053395240844936e-04,5.165409170052205103e-03,1.421938479396410611e-02,3.482298316889167675e-04,4.497968659315163854e-03,9.213580963435913374e-03,6.445153801508966829e-02,1.835461404526995272e-02,2.423099245502017326e-03,3.656413232733637247e-02,2.089378990133498436e-03,7.534822983168940058e-02,4.918746372605919959e-03,1.305861868833424651e-03,0.000000000000000000e+00,5.368543238537454906e-04,9.590829947765487987e-03,6.181079512478196078e-03,5.339524085896674328e-03,2.176436448055724918e-04,3.047011027278020089e-04,5.803830528148614146e-05,7.399883923389428183e-04,2.321532211259420397e-03,1.639582124201972814e-03,2.089378990133498436e-03,5.078351712130003666e-04
1.052631578947369750e-01,1.000000000000000000e+00,0.000000000000000000e+00,1.754385964912269155e-02,0.000000000000000000e+00,0.000000000000000000e+00,5.263157894736848752e-02,0.000000000000000000e+00,1.578947368421042552e-01,0.000000000000000000e+00,0.000000000000000000e+00,0.000000000000000000e+00,0.000000000000000000e+00,0.000000000000000000e+00,0.000000000000000000e+00,0.000000000000000000e+00,0.000000000000000000e+00,0.000000000000000000e+00,0.000000000000000000e+00,0.000000000000000000e+00,0.000000000000000000e+00,0.000000000000000000e+00,0.000000000000000000e+00,0.000000000000000000e+00,0.000000000000000000e+00,0.000000000000000000e+00,0.000000000000000000e+00,0.000000000000000000e+00,0.000000000000000000e+00,0.000000000000000000e+00,0.000000000000000000e+00,0.000000000000000000e+00,0.000000000000000000e+00,1.754385964912269155e-02,0.000000000000000000e+00,0.000000000000000000e+00,0.000000000000000000e+00,1.228070175438605860e-01,0.000000000000000000e+00,0.000000000000000000e+00,5.263157894736848752e-02,0.000000000000000000e+00,0.000000000000000000e+00,0.000000000000000000e+00,0.000000000000000000e+00,0.000000000000000000e+00,0.000000000000000000e+00,0.000000000000000000e+00,0.000000000000000000e+00,0.000000000000000000e+00,0.000000000000000000e+00,0.000000000000000000e+00,0.000000000000000000e+00,0.000000000000000000e+00,0.000000000000000000e+00,0.000000000000000000e+00,0.000000000000000000e+00,0.000000000000000000e+00
1.711122294916949879e-02,1.509813789632613026e-03,1.000000000000000000e+00,5.032712632108694547e-04,3.422244589833899758e-02,5.032712632108744637e-03,9.562154001006488088e-03,5.032712632108694547e-04,3.975842979365890734e-02,5.535983895319551533e-03,0.000000000000000000e+00,0.000000000000000000e+00,1.509813789632613026e-03,0.000000000000000000e+00,1.509813789632613026e-03,0.000000000000000000e+00,0.000000000000000000e+00,0.000000000000000000e+00,1.006542526421748927e-02,5.032712632108694547e-04,5.032712632108694547e-04,0.000000000000000000e+00,1.006542526421738909e-03,0.000000000000000000e+00,5.032712632108694547e-04,0.000000000000000000e+00,2.516356316054372318e-03,5.032712632108694547e-04,5.032712632108694547e-04,3.522898842476096266e-03,2.164066431806755883e-02,0.000000000000000000e+00,3.522898842476096266e-03,1.127327629592350805e-01,2.013085052843477819e-03,1.006542526421738909e-03,2.013085052843477819e-03,9.562154001006488088e-03,5.083039758429794275e-02,3.522898842476096266e-03,3.522898842476096266e-03,1.006542526421738909e-03,7.045797684952192531e-03,4.026170105686955637e-03,5.032712632108694547e-04,0.000000000000000000e+00,5.032712632108694547e-04,2.516356316054372318e-03,2.013085052843477819e-03,3.522898842476096266e-03,5.032712632108694547e-04,5.032712632108694547e-04,0.000000000000000000e+00,1.509813789632613026e-03,1.509813789632613026e-03,0.000000000000000000e+00,3.019627579265226052e-03,2.013085052843477819e-03
1.268841824079378934e-02,9.540164090822405164e-05,2.862049227246718703e-04,1.000000000000000000e+00,1.049418049990465422e-03,1.621827895439806452e-03,1.373783629078413615e-02,1.621827895439806452e-03,9.730967372638774093e-03,5.342491890860492573e-03,9.730967372638774093e-03,4.006868918145390680e-03,8.586147681740085094e-04,1.908032818164481033e-04,5.437893531768722873e-03,3.816065636328962066e-04,3.816065636328962066e-04,1.431024613623362767e-03,1.965273802709413889e-02,1.335622972715123143e-03,2.671245945430246287e-03,1.908032818164481033e-04,3.339057431787824555e-03,2.671245945430246287e-03,9.540164090822405164e-05,1.908032818164481033e-04,2.003434459072695340e-03,1.240221331806902168e-03,6.296508299942734851e-03,9.540164090822273596e-03,1.927113146346125239e-02,6.201106659034552257e-03,6.296508299942734851e-03,5.075367296317515736e-02,1.144819690898687481e-03,5.533295172676976591e-03,1.411944285441712500e-02,9.730967372638774093e-03,1.354703300896770678e-02,2.766647586338488295e-03,4.006868918145390680e-03,2.957450868154915501e-03,1.421484449532524341e-02,2.671245945430246287e-03,1.297462316351845162e-02,1.908032818164481033e-04,3.816065636328933551e-03,5.914901736309831001e-03,5.247090249952343806e-03,4.102270559053640062e-03,2.413661514978043127e-02,1.545506582713233185e-02,3.816065636328962066e-04,2.671245945430246287e-03,1.240221331806902168e-03,3.243655790879612904e-03,4.674680404502976755e-03,1.535966418622406425e-02
2.971473851030092400e-02,8.320126782884370784e-03,6.854199683042835889e-02,2.773375594294781154e-03,1.000000000000000000e+00,3.961965134706815815e-04,8.320126782884370784e-03,0.000000000000000000e+00,5.150554675118886906e-03,1.188589540412050925e-03,0.000000000000000000e+00,0.000000000000000000e+00,7.923930269413631631e-04,0.000000000000000000e+00,1.584786053882726326e-03,0.000000000000000000e+00,0.000000000000000000e+00,3.961965134706815815e-04,1.267828843106181061e-02,1.188589540412050925e-03,3.961965134706815815e-04,0.000000000000000000e+00,0.000000000000000000e+00,1.188589540412050925e-03,0.000000000000000000e+00,1.188589540412050925e-03,3.169572107765452652e-03,3.961965134706815815e-04,1.584786053882726326e-03,6.339144215530905305e-03,6.735340729001566829e-03,0.000000000000000000e+00,1.584786053882726326e-03,4.001584786053907078e-02,1.584786053882726326e-03,1.980982567353423412e-03,1.980982567353423412e-03,4.754358161648203698e-03,7.725832012678328364e-02,6.735340729001566829e-03,5.150554675118886906e-03,7.923930269413631631e-04,1.030110935023777381e-02,2.377179080824101849e-03,7.923930269413631631e-04,0.000000000000000000e+00,0.000000000000000000e+00,2.773375594294781154e-03,2.377179080824101849e-03,2.179080824088757556e-02,3.961965134706815815e-04,1.188589540412050925e-03,0.000000000000000000e+00,7.923930269413631631e-04,7.052297939778175151e-02,0.000000000000000000e+00,7.923930269413631631e-04,1.584786053882726326e-03
2.481389578163787756e-03,0.000000000000000000e+00,6.203473945409370728e-03,3.970223325062060410e-02,0.000000000000000000e+00,1.000000000000000000e+00,2.481389578163787756e-03,0.000000000000000000e+00,6.203473945409370728e-03,0.000000000000000000e+00,2.605459057071967191e-02,0.000000000000000000e+00,0.000000000000000000e+00,0.000000000000000000e+00,0.000000000000000000e+00,0.000000000000000000e+00,1.240694789081893878e-03,0.000000000000000000e+00,2.233250620347408677e-02,2.481389578163787756e-03,0.000000000000000000e+00,0.000000000000000000e+00,1.240694789081874146e-02,2.853598014888334561e-02,0.000000000000000000e+00,0.000000000000000000e+00,0.000000000000000000e+00,2.481389578163787756e-03,7.444168734491283038e-03,6.203473945409370728e-03,9.925558312655151025e-03,7.444168734491283038e-03,6.203473945409370728e-03,4.838709677419369970e-02,0.000000000000000000e+00,1.240694789081893878e-03,4.962779156327575512e-03,9.925558312655151025e-03,1.488833746898256608e-02,1.240694789081893878e-03,2.481389578163787756e-03,0.000000000000000000e+00,6.203473945409370728e-03,2.481389578163787756e-03,4.962779156327575512e-03,0.000000000000000000e+00,0.000000000000000000e+00,3.349875930521065831e-02,7.444168734491283038e-03,3.722084367245641519e-03,9.057071960297684299e-02,4.962779156327575512e-03,1.240694789081893878e-03,0.000000000000000000e+00,0.000000000000000000e+00,0.000000000000000000e+00,7.816377171215899144e-02,2.481389578163748291e-02
1.331677626976363049e-01,4.722261088568608235e-04,1.049391353015243335e-03,9.969217853644835210e-04,3.235623338463688905e-03,4.547362529732745079e-04,1.000000000000000000e+00,1.574087029522863268e-04,1.117601790961239572e-02,3.340562473765234987e-03,3.148174059045726536e-04,6.296348118091453071e-04,1.224289911851133975e-04,3.497971176717522642e-05,2.780887085490403934e-03,5.421855323912145967e-04,6.646145235763285634e-04,5.246956765076262618e-05,2.154750244857966957e-02,4.547362529732745079e-04,9.531971456555163660e-03,4.722261088568608235e-04,1.066881208898845046e-03,1.364208758919835830e-03,0.000000000000000000e+00,1.748985588358744313e-04,5.911571288652602701e-03,4.477403106198428982e-03,6.313837973975108993e-03,1.208549041555903765e-02,1.511123548341954635e-02,4.022666853225144229e-04,3.375542185532380730e-03,1.325731075975946152e-02,1.923884147194626171e-04,2.710927661956046529e-03,6.401287253392990047e-03,5.143766615363138534e-02,1.084371064782418612e-02,1.888904435427443294e-03,2.581502728417522236e-02,1.731495732475174694e-03,3.630894081432777670e-02,3.830278438505650522e-03,8.220232265286122339e-04,3.497971176717522642e-05,6.121449559255678820e-04,2.289422135161608626e-02,5.474324891562919876e-03,3.515461032601119827e-03,5.246956765076216675e-04,4.022666853225144229e-04,0.000000000000000000e+00,5.771652441583852763e-04,1.346718903036229348e-03,8.220232265286122339e-04,2.815866797257564856e-03,3.323072617881642817e-04
2.209131075110450440e-03,0.000000000000000000e+00,0.000000000000000000e+00,7.363770250368166688e-04,0.000000000000000000e+00,4.418262150220900880e-03,0.000000000000000000e+00,1.000000000000000000e+00,0.000000000000000000e+00,3.681885125184082477e-03,0.000000000000000000e+00,9.572901325478617995e-03,0.000000000000000000e+00,0.000000000000000000e+00,2.209131075110450440e-03,0.000000000000000000e+00,0.000000000000000000e+00,7.363770250368166688e-04,7.363770250368166688e-04,0.000000000000000000e+00,0.000000000000000000e+00,0.000000000000000000e+00,0.000000000000000000e+00,2.209131075110450440e-03,0.000000000000000000e+00,0.000000000000000000e+00,1.472754050073633338e-03,0.000000000000000000e+00,0.000000000000000000e+00,7.363770250368166688e-04,7.363770250368166688e-04,0.000000000000000000e+00,7.363770250368166688e-04,6.627393225331349585e-03,0.000000000000000000e+00,2.945508100147266675e-03,7.363770250368166688e-04,3.681885125184082477e-03,0.000000000000000000e+00,0.000000000000000000e+00,7.363770250368166688e-04,1.472754050073633338e-03,4.418262150220900880e-03,2.209131075110450440e-03,1.472754050073633338e-03,0.000000000000000000e+00,0.000000000000000000e+00,7.363770250368166688e-04,2.945508100147266675e-03,0.000000000000000000e+00,0.000000000000000000e+00,0.000000000000000000e+00,0.000000000000000000e+00,0.000000000000000000e+00,7.363770250368166688e-04,7.363770250368166688e-04,1.472754050073633338e-03,0.000000000000000000e+00
1.301871440195281546e-02,1.988970255853901494e-03,5.605279811951912293e-03,1.808154778048998677e-03,3.525901817195569148e-03,2.712232167073485331e-04,8.227104240122960419e-03,2.712232167073485331e-04,1.000000000000000000e+00,2.983455383780862433e-03,3.616309556098004836e-04,6.328541723171489082e-04,0.000000000000000000e+00,9.040773890245012089e-05,1.446523822439201934e-03,6.328541723171489082e-04,0.000000000000000000e+00,4.520386945122496693e-04,9.673628062562198565e-03,6.328541723171489082e-04,1.717747039146547269e-03,6.328541723171489082e-04,9.040773890244993387e-04,1.988970255853901494e-03,9.040773890245012089e-05,2.712232167073485331e-04,4.701202422927379561e-03,1.627339300244101932e-03,5.966910767561724865e-03,1.003525901817200854e-02,5.614320585842200867e-02,8.136696501220509661e-04,2.350601211463689780e-03,2.280083175119785588e-01,1.808154778049002418e-04,1.356116083536751176e-03,6.418949462073923577e-03,9.764035801464572562e-03,7.232619112195994709e-03,3.887532772805382588e-03,3.345086339390673270e-03,9.944851279269507471e-04,1.220504475183079203e-02,6.509357200976407729e-03,1.265708344634297816e-03,2.712232167073485331e-04,9.040773890244993387e-04,3.706717295000475001e-03,4.339571467317576529e-03,3.525901817195569148e-03,1.265708344634297816e-03,4.520386945122496693e-04,0.000000000000000000e+00,5.424464334146970662e-04,1.175300605731844890e-03,1.084892866829394132e-03,7.051803634391138297e-03,3.073863122683302349e-03
9.899093115340328736e-03,4.257674458210896175e-05,1.915953506194930181e-04,1.192148848299050008e-03,2.341720952016012886e-04,1.703069783284358470e-04,2.746200025546042135e-03,4.257674458210896175e-05,1.256013965172220409e-03,1.000000000000000000e+00,8.515348916421792351e-05,2.341720952016012886e-04,2.980372120747625019e-04,1.915953506194930181e-04,9.941669859922588198e-03,1.185762336611743094e-02,4.257674458210896175e-05,0.000000000000000000e+00,2.443905139013062555e-02,2.303401881892128827e-02,1.490186060373812509e-04,1.192148848299050008e-03,6.386511687316369335e-05,7.344488440413823177e-03,0.000000000000000000e+00,8.515348916421792351e-05,4.640865159449889150e-03,3.831907012389860361e-04,1.915953506194930181e-04,7.003874483757013825e-03,1.362455826627486776e-03,1.915953506194930181e-04,3.512581428023995884e-03,8.941116362243005378e-03,2.980372120747625019e-04,4.300251202793000001e-03,4.491846553412508387e-03,4.555711670285679006e-03,4.917613999233578191e-03,1.528505130497728737e-02,2.277855835142839503e-03,1.681781410993299537e-03,7.514795418742315457e-03,2.512027930344440819e-03,2.341720952016012886e-04,0.000000000000000000e+00,1.703069783284358470e-04,9.154000085153495827e-04,5.960744241495250038e-04,6.280069825861119177e-03,3.406139566568716940e-04,4.470558181121455960e-04,4.257674458210896175e-05,2.776003746753538323e-02,2.767488397837089900e-04,1.788223272448582384e-03,4.896325626942601549e-04,2.554604674926547734e-04
9.382329945269766991e-03,0.000000000000000000e+00,7.818608287724814138e-04,2.415949960906968452e-01,7.818608287724814138e-04,8.600469116497252292e-03,1.563721657544962828e-03,7.818608287724814138e-04,7.818608287724814138e-04,1.563721657544962828e-03,1.000000000000000000e+00,7.036747458952326978e-03,0.000000000000000000e+00,0.000000000000000000e+00,5.473025801407307989e-03,0.000000000000000000e+00,3.127443315089925655e-03,0.000000000000000000e+00,5.473025801407307989e-03,7.818608287724814138e-04,0.000000000000000000e+00,0.000000000000000000e+00,7.818608287724812186e-03,2.345582486317441748e-03,0.000000000000000000e+00,0.000000000000000000e+00,7.818608287724814138e-04,0.000000000000000000e+00,1.563721657544962828e-03,1.563721657544962828e-03,5.473025801407307989e-03,3.909304143862406093e-03,2.345582486317441748e-03,3.362001563721672692e-02,0.000000000000000000e+00,2.345582486317441748e-03,0.000000000000000000e+00,5.473025801407307989e-03,3.127443315089925655e-03,3.909304143862406093e-03,0.000000000000000000e+00,1.563721657544962828e-03,1.563721657544962828e-03,0.000000000000000000e+00,1.641907740422195519e-02,0.000000000000000000e+00,6.254886630179851310e-03,1.016419077404228863e-02,7.818608287724814138e-04,3.909304143862406093e-03,9.382329945269766991e-03,7.818608287724845840e-02,0.000000000000000000e+00,4.691164972634883495e-03,0.000000000000000000e+00,2.345582486317441748e-03,7.036747458952326978e-03,1.563721657544962828e-03
1.029269861691869785e-02,0.000000000000000000e+00,1.608234158893546539e-04,1.447410743004183672e-03,0.000000000000000000e+00,1.608234158893541823e-03,3.698938565455116463e-03,8.362817626246356675e-03,2.090704406561589169e-03,7.719523962689013412e-03,4.824702476680633382e-04,1.000000000000000000e+00,8.041170794467709113e-04,8.041170794467709113e-04,4.663879060791288785e-03,1.608234158893546539e-04,1.608234158893541823e-03,4.824702476680633382e-04,3.168221293020273555e-02,3.216468317787093078e-04,2.894821486008367344e-03,1.608234158893546539e-04,8.201994210356980744e-03,2.573174654229674462e-03,1.608234158893546539e-04,1.608234158893546539e-04,9.649404953361266765e-04,8.041170794467709113e-04,1.769057574782885445e-03,1.720810550016074053e-02,5.146349308459348924e-03,3.216468317787093078e-04,5.467996140237976754e-03,1.447410743004170879e-02,0.000000000000000000e+00,6.272113219684793094e-03,1.366999035059510495e-02,1.109681569636534505e-02,4.020585397233860520e-03,2.733998070118988377e-03,5.146349308459348924e-03,1.769057574782885445e-03,4.342232229012533452e-03,1.608234158893541823e-03,8.041170794467721039e-03,0.000000000000000000e+00,4.824702476680590123e-03,1.608234158893541823e-03,6.754583467352854968e-03,3.055644901897697739e-03,3.216468317787093078e-04,3.216468317787093078e-04,2.573174654229674462e-03,1.929880990672253353e-03,0.000000000000000000e+00,1.286587327114837231e-03,2.090704406561589169e-03,9.649404953361266765e-04
1.149236578558532123e-03,0.000000000000000000e+00,0.000000000000000000e+00,0.000000000000000000e+00,0.000000000000000000e+00,0.000000000000000000e+00,0.000000000000000000e+00,0.000000000000000000e+00,0.000000000000000000e+00,1.805943194877698789e-03,1.641766540797908261e-04,3.283533081595816521e-04,1.000000000000000000e+00,0.000000000000000000e+00,1.313413232638326609e-03,1.641766540797908261e-04,0.000000000000000000e+00,0.000000000000000000e+00,1.970119848957471373e-02,0.000000000000000000e+00,1.641766540797908261e-04,0.000000000000000000e+00,0.000000000000000000e+00,0.000000000000000000e+00,0.000000000000000000e+00,4.925299622393655664e-04,3.119356427516021060e-03,0.000000000000000000e+00,0.000000000000000000e+00,1.214907240190447706e-02,4.925299622393655664e-04,0.000000000000000000e+00,4.728287637497920193e-02,9.850599244787311328e-04,0.000000000000000000e+00,1.510425217534074049e-02,5.811853554424570995e-02,3.283533081595816521e-04,1.641766540797904520e-03,1.313413232638326609e-03,0.000000000000000000e+00,4.925299622393655664e-04,3.283533081595816521e-04,0.000000000000000000e+00,0.000000000000000000e+00,0.000000000000000000e+00,0.000000000000000000e+00,0.000000000000000000e+00,1.641766540797908261e-04,1.641766540797908261e-04,0.000000000000000000e+00,3.283533081595816521e-04,0.000000000000000000e+00,4.925299622393655664e-04,0.000000000000000000e+00,1.477589886718100060e-03,4.925299622393655664e-04,0.000000000000000000e+00
0.000000000000000000e+00,0.000000000000000000e+00,0.000000000000000000e+00,0.000000000000000000e+00,0.000000000000000000e+00,0.000000000000000000e+00,0.000000000000000000e+00,0.000000000000000000e+00,1.182033096926715437e-03,1.182033096926715437e-03,0.000000000000000000e+00,0.000000000000000000e+00,1.182033096926715437e-03,1.000000000000000000e+00,2.245862884160755579e-02,0.000000000000000000e+00,0.000000000000000000e+00,0.000000000000000000e+00,4.018912529550849183e-02,0.000000000000000000e+00,0.000000000000000000e+00,0.000000000000000000e+00,0.000000000000000000e+00,0.000000000000000000e+00,1.182033096926715437e-03,1.276595744680851519e-01,0.000000000000000000e+00,0.000000000000000000e+00,0.000000000000000000e+00,7.092198581560226270e-03,0.000000000000000000e+00,0.000000000000000000e+00,8.274231678487035599e-03,0.000000000000000000e+00,0.000000000000000000e+00,4.728132387706861749e-03,2.364066193853430874e-03,1.182033096926715437e-03,0.000000000000000000e+00,7.092198581560226270e-03,0.000000000000000000e+00,1.063829787234036629e-02,1.182033096926715437e-03,0.000000000000000000e+00,0.000000000000000000e+00,0.000000000000000000e+00,0.000000000000000000e+00,0.000000000000000000e+00,1.182033096926715437e-03,0.000000000000000000e+00,0.000000000000000000e+00,0.000000000000000000e+00,0.000000000000000000e+00,0.000000000000000000e+00,0.000000000000000000e+00,1.654846335697407120e-02,0.000000000000000000e+00,0.000000000000000000e+00
1.168947259850104583e-03,0.000000000000000000e+00,0.000000000000000000e+00,2.979669485892422979e-04,1.375232070411885736e-04,9.168213802745939689e-05,1.558596346466811170e-03,2.292053450686484922e-05,1.398152604918754139e-03,6.876160352059425100e-03,4.584106901372969844e-05,2.521258795755118879e-04,4.354901556304330399e-04,1.054344587315777853e-03,1.000000000000000000e+00,2.773384675330620251e-03,2.292053450686491224e-04,4.584106901372969844e-05,7.256641224873328078e-02,1.306470466891295487e-03,2.292053450686491224e-04,1.375232070411885736e-04,1.833642760549187938e-04,8.939008457677312305e-04,2.292053450686484922e-05,2.131609709138402101e-03,1.719040088014856275e-03,6.876160352059428678e-05,2.062848105617839716e-04,9.787068234431208283e-03,9.397419147814513405e-04,0.000000000000000000e+00,6.440670196429011847e-03,3.690206055605216740e-03,2.292053450686484922e-05,1.350019482454332953e-02,7.105365697128101544e-03,1.719040088014856275e-03,1.260629397877565186e-03,1.528799651607867793e-02,8.251392422471358866e-04,4.011093538701292205e-03,1.421073139425620049e-03,3.208874830961075571e-04,2.292053450686491224e-04,0.000000000000000000e+00,3.438080176029728163e-04,4.813312246441583541e-04,3.208874830961075571e-04,1.077265121822643329e-03,2.750464140823771471e-04,1.833642760549187938e-04,0.000000000000000000e+00,1.278965825483049761e-02,2.979669485892422979e-04,7.242888904169259706e-03,3.667285521098375876e-04,9.168213802745939689e-05
7.942238267148011080e-03,1.444043321299633110e-04,0.000000000000000000e+00,4.332129963898928874e-04,2.888086642599266220e-04,2.888086642599266220e-04,2.166064981949462377e-03,7.220216606498243341e-04,7.220216606498243341e-04,9.588447653429534034e-02,2.888086642599266220e-04,0.000000000000000000e+00,1.444043321299633110e-04,0.000000000000000000e+00,1.848375451263530381e-02,1.000000000000000000e+00,0.000000000000000000e+00,0.000000000000000000e+00,1.689530685920571582e-02,4.332129963898924754e-03,0.000000000000000000e+00,1.155234657039706488e-03,0.000000000000000000e+00,1.444043321299648668e-03,0.000000000000000000e+00,0.000000000000000000e+00,4.765342960288792597e-03,2.888086642599266220e-04,8.664259927797857749e-04,5.198555956678718552e-03,1.010830324909743529e-03,0.000000000000000000e+00,4.909747292418727149e-03,1.155234657039718935e-02,0.000000000000000000e+00,7.075812274368189526e-03,3.176895306859184656e-03,2.599277978339359276e-03,6.353790613718369312e-03,3.061371841155250198e-02,2.454873646209363575e-03,1.010830324909743529e-03,5.631768953068548231e-03,8.664259927797857749e-04,1.732851985559571550e-03,0.000000000000000000e+00,5.776173285198532440e-04,2.888086642599266220e-04,0.000000000000000000e+00,5.487364620938586790e-03,4.332129963898928874e-04,0.000000000000000000e+00,0.000000000000000000e+00,6.541516245487340175e-02,1.444043321299633110e-04,2.599277978339359276e-03,4.332129963898928874e-04,7.220216606498243341e-04
1.677507702841481499e-02,0.000000000000000000e+00,6.846970215679541900e-04,2.396439575487851591e-03,0.000000000000000000e+00,8.216364258815524874e-03,9.928106812735388448e-03,3.423485107839770950e-04,3.423485107839780058e-03,2.738788086271816760e-03,6.846970215679541900e-04,6.162273194111568195e-03,3.423485107839770950e-04,1.369394043135908380e-03,6.846970215679560115e-03,0.000000000000000000e+00,1.000000000000000000e+00,0.000000000000000000e+00,4.792879150975703183e-03,1.711742553919890029e-03,4.108182129407762437e-03,0.000000000000000000e+00,4.998288257446110994e-02,1.369394043135908380e-03,0.000000000000000000e+00,0.000000000000000000e+00,2.396439575487851591e-03,1.917151660390281273e-02,2.738788086271816760e-03,5.135227661759718225e-03,6.162273194111568195e-03,0.000000000000000000e+00,1.369394043135908380e-03,1.540568298527907574e-02,3.423485107839770950e-04,6.846970215679541900e-04,3.423485107839770950e-04,8.216364258815524874e-03,3.423485107839780058e-03,1.711742553919890029e-03,5.135227661759718225e-03,2.054091064703881218e-03,7.531667237247448819e-03,3.423485107839770950e-04,3.765833618623724410e-03,0.000000000000000000e+00,6.846970215679541900e-04,7.189318726463502299e-03,4.929818555289254556e-02,2.054091064703881218e-03,2.054091064703881218e-03,3.423485107839780058e-03,0.000000000000000000e+00,4.450530640191694212e-03,0.000000000000000000e+00,1.711742553919890029e-03,4.792879150975703183e-03,3.423485107839770950e-04
4.175365344467621420e-03,0.000000000000000000e+00,4.175365344467621420e-03,1.043841336116904661e-02,6.958942240779463721e-04,0.000000000000000000e+00,3.479471120389686107e-03,0.000000000000000000e+00,2.783576896311785488e-03,2.087682672233810710e-03,0.000000000000000000e+00,0.000000000000000000e+00,3.479471120389686107e-03,2.087682672233810710e-03,6.958942240779463721e-04,0.000000000000000000e+00,0.000000000000000000e+00,1.000000000000000000e+00,4.175365344467621420e-03,0.000000000000000000e+00,0.000000000000000000e+00,0.000000000000000000e+00,0.000000000000000000e+00,0.000000000000000000e+00,6.263048016701423457e-03,6.958942240779463721e-04,0.000000000000000000e+00,1.391788448155892744e-03,3.479471120389686107e-03,1.391788448155892744e-03,1.252609603340284691e-02,2.087682672233809322e-02,1.391788448155892744e-03,2.574808629088386203e-02,0.000000000000000000e+00,2.087682672233810710e-03,0.000000000000000000e+00,2.783576896311785488e-03,2.783576896311785488e-03,0.000000000000000000e+00,0.000000000000000000e+00,0.000000000000000000e+00,3.479471120389686107e-03,6.958942240779372214e-03,4.801670146137806267e-02,3.479471120389686107e-03,4.175365344467621420e-03,1.391788448155874443e-02,6.958942240779463721e-04,5.567153792623570976e-03,6.958942240779463721e-04,2.087682672233810710e-03,6.958942240779463721e-04,1.391788448155892744e-03,0.000000000000000000e+00,6.958942240779463721e-04,6.958942240779463721e-04,6.958942240779463721e-04
2.390347375863862735e-03,2.737038979996818627e-05,1.140432908332006406e-05,8.667290103323276604e-05,6.614510868325664667e-05,1.140432908332006406e-05,1.060602604748768973e-03,2.052779234997595674e-05,8.439203521656833988e-04,1.653627717081403332e-03,1.368519489998409314e-05,8.895376684989605650e-05,6.226763679492712707e-04,7.686517802157696736e-04,5.312136487010510333e-03,3.010742877996468777e-04,4.789818214994403460e-05,6.842597449992046568e-06,1.000000000000000000e+00,5.337226010993788598e-04,4.858244189494289570e-04,1.893118627831126446e-04,7.983030358324061783e-05,3.809045913828897046e-04,2.280865816664011711e-06,4.160299249595118126e-03,6.591702210158935675e-04,2.714230321830163632e-04,2.075587893164238472e-04,4.883105626895944268e-02,1.101658189448722703e-03,9.123463266656046844e-06,2.285883721460652690e-02,1.416417672148344038e-03,7.754943776657614830e-05,4.160983509340167308e-02,1.178295280888621253e-02,3.234267728029559686e-03,5.930251123326403225e-04,1.293250918048493908e-03,1.530460962981546914e-03,3.245672057112881058e-03,2.547727117213710157e-03,2.258057158497362154e-04,1.459754122664967495e-04,0.000000000000000000e+00,7.298770613324837475e-05,4.059941153661929063e-04,3.603767990329156045e-04,4.265219077161674401e-04,7.070684031658397298e-05,3.877471888328807415e-05,6.842597449992046568e-06,7.526857194991228321e-04,5.930251123326446457e-05,1.145450813128657055e-02,2.007161918664305742e-04,3.649385306662418738e-05
7.128007128007154795e-03,1.485001485001474590e-04,1.485001485001474590e-04,2.970002970002949181e-04,1.039501039501030235e-03,0.000000000000000000e+00,2.821502821502835847e-03,1.485001485001474590e-04,5.940005940005898362e-04,2.243837243837262796e-01,4.455004455004471747e-04,0.000000000000000000e+00,2.970002970002949181e-04,0.000000000000000000e+00,1.202851202851198086e-02,3.712503712503708621e-03,2.970002970002949181e-04,0.000000000000000000e+00,1.217701217701220966e-02,1.000000000000000000e+00,1.485001485001474590e-04,1.989901989901987980e-02,1.485001485001474590e-04,2.673002673002677562e-02,0.000000000000000000e+00,1.485001485001474590e-04,6.831006831006867196e-03,0.000000000000000000e+00,1.782001782001788699e-03,4.306504306504273412e-03,2.079002079002060469e-03,0.000000000000000000e+00,2.821502821502835847e-03,1.009801009801013921e-02,2.970002970002949181e-04,3.712503712503708621e-03,5.494505494505478455e-03,4.158004158004120938e-03,3.712503712503708621e-03,8.464508464508420371e-03,2.376002376002359345e-03,5.940005940005898362e-04,1.291951291951290437e-02,2.227502227502231157e-03,4.455004455004471747e-04,0.000000000000000000e+00,4.455004455004471747e-04,7.425007425007414423e-04,7.425007425007414423e-04,1.054351054351044224e-02,1.039501039501030235e-03,2.970002970002949181e-04,0.000000000000000000e+00,6.534006534006498064e-03,1.336501336501328459e-03,5.940005940005898362e-04,4.455004455004471747e-04,2.970002970002949181e-04
3.728599936981422114e-02,3.150929524209644130e-04,0.000000000000000000e+00,4.201239365612859924e-04,1.050309841403214981e-04,7.352168889822542543e-04,2.216153765360769079e-02,0.000000000000000000e+00,6.827013969120888405e-03,3.991177397332229884e-03,3.150929524209644130e-04,9.452788572628859206e-04,0.000000000000000000e+00,0.000000000000000000e+00,2.310681651087060761e-03,9.452788572628859206e-04,4.201239365612859924e-04,0.000000000000000000e+00,2.111122781220475808e-02,1.050309841403214981e-04,1.000000000000000000e+00,1.050309841403214981e-04,1.995588698666114942e-03,1.260371809683857652e-03,0.000000000000000000e+00,6.301859048419288260e-04,7.247137905682149786e-03,7.247137905682149786e-03,1.512446171620617473e-02,9.452788572628965241e-03,3.350488394076256427e-02,4.201239365612859924e-04,5.881735111858034035e-03,8.087385778804748876e-03,1.155340825543530381e-03,1.890557714525771841e-03,5.881735111858034035e-03,7.058082134229609617e-02,1.575464762104806940e-03,1.575464762104806940e-03,2.090116584392382251e-02,3.676084444911277560e-03,1.701501943073212633e-02,5.461611175296740561e-03,1.785526730385458231e-03,0.000000000000000000e+00,8.402478731225719848e-04,1.354899695410153627e-02,5.913244407100064215e-02,5.251549207016054576e-04,5.251549207016054576e-04,2.100619682806429962e-04,0.000000000000000000e+00,2.100619682806429962e-04,7.352168889822542543e-04,3.150929524209613881e-03,1.575464762104806940e-03,2.100619682806429962e-04
1.328502415458928526e-02,0.000000000000000000e+00,1.207729468599038312e-03,0.000000000000000000e+00,1.207729468599038312e-03,0.000000000000000000e+00,1.207729468599038312e-03,0.000000000000000000e+00,1.207729468599038312e-03,3.502415458937222642e-02,0.000000000000000000e+00,0.000000000000000000e+00,0.000000000000000000e+00,0.000000000000000000e+00,1.570048309178748158e-02,1.207729468599038312e-03,0.000000000000000000e+00,0.000000000000000000e+00,1.449275362318845281e-02,1.787439613526581872e-01,0.000000000000000000e+00,1.000000000000000000e+00,1.207729468599038312e-03,7.608695652173860791e-02,0.000000000000000000e+00,0.000000000000000000e+00,1.932367149758461300e-02,0.000000000000000000e+00,0.000000000000000000e+00,1.207729468599038312e-03,9.661835748792306500e-03,0.000000000000000000e+00,4.830917874396153250e-03,1.690821256038637851e-02,0.000000000000000000e+00,9.661835748792306500e-03,1.328502415458928526e-02,7.246376811594226405e-03,6.038647342995174215e-03,8.454106280193189257e-03,3.623188405797113203e-03,7.246376811594226405e-03,1.207729468599038312e-03,0.000000000000000000e+00,0.000000000000000000e+00,0.000000000000000000e+00,0.000000000000000000e+00,2.415458937198076625e-03,4.830917874396153250e-03,5.555555555555573982e-02,0.000000000000000000e+00,1.207729468599038312e-03,0.000000000000000000e+00,0.000000000000000000e+00,3.260869565217384275e-02,4.830917874396153250e-03,0.000000000000000000e+00,0.000000000000000000e+00
1.237054085155353360e-02,0.000000000000000000e+00,0.000000000000000000e+00,4.602991944764100139e-03,1.150747986191025035e-03,3.452243958573064046e-03,4.315304948216316938e-03,5.753739930955125174e-04,3.164556962025328549e-03,1.726121979286532023e-03,8.630609896432660114e-04,1.323360184119685284e-02,0.000000000000000000e+00,0.000000000000000000e+00,1.150747986191025035e-03,1.726121979286532023e-03,2.243958573072486404e-02,0.000000000000000000e+00,8.630609896432633876e-03,1.150747986191025035e-03,3.739930955120848114e-03,2.876869965477562587e-04,1.000000000000000000e+00,2.876869965477562587e-04,2.876869965477562587e-04,0.000000000000000000e+00,2.301495972382050070e-03,1.438434982738771156e-03,2.589182968929820260e-03,1.438434982738771156e-03,5.466052934407326577e-03,0.000000000000000000e+00,1.438434982738771156e-03,4.315304948216316938e-03,5.753739930955125174e-04,4.315304948216316938e-03,3.164556962025328549e-03,1.754890678941302753e-02,5.178365937859640521e-03,1.035673187571928104e-02,4.315304948216316938e-03,2.876869965477562587e-04,6.616800920598426422e-03,2.589182968929820260e-03,1.150747986191025035e-03,0.000000000000000000e+00,4.315304948216316938e-03,5.753739930955125174e-04,4.718066743383183409e-02,2.301495972382050070e-03,2.013808975834283782e-03,3.164556962025328549e-03,0.000000000000000000e+00,2.876869965477562587e-04,0.000000000000000000e+00,1.438434982738771156e-03,1.726121979286532023e-03,1.726121979286532023e-03
1.918278228321910334e-02,1.559575795383664587e-04,3.119151590767329173e-04,3.275109170305676252e-03,2.261384903306296480e-03,1.559575795383664587e-04,6.004366812227109919e-03,0.000000000000000000e+00,1.715533374922027007e-03,4.296631316281986773e-02,1.013724266999375002e-03,1.559575795383664587e-04,7.797878976918353562e-04,3.898939488459176781e-04,7.174048658764860080e-03,1.949469744229573700e-03,3.119151590767329173e-04,4.678727386150944158e-04,2.900810979413584456e-02,1.707735495945096257e-02,9.357454772301888315e-04,5.224578914535270985e-03,0.000000000000000000e+00,1.000000000000000000e+00,3.898939488459176781e-04,0.000000000000000000e+00,6.472239550842160370e-03,6.238303181534658346e-04,1.091703056768550872e-03,7.485963817841510652e-03,4.522769806612592959e-03,0.000000000000000000e+00,4.756706175920163288e-03,2.854023705552091728e-02,2.651278852152216380e-03,7.719900187149078379e-03,4.756706175920163288e-03,1.044915782907054197e-02,2.004054897068010752e-02,3.820960698689943556e-03,5.302557704304432760e-03,1.637554585152838126e-03,3.727386150966958966e-02,5.692451653150296283e-03,9.357454772301888315e-04,0.000000000000000000e+00,7.797878976918322933e-05,2.183406113537101744e-03,7.797878976918353562e-04,1.211790393013103123e-01,7.797878976918353562e-04,7.018091079226423555e-04,1.559575795383664587e-04,4.366812227074203488e-03,7.875857766687435757e-03,2.339363693075497720e-03,4.288833437305031304e-03,7.018091079226423555e-04
5.181347150259082296e-03,0.000000000000000000e+00,0.000000000000000000e+00,1.295336787564770747e-02,0.000000000000000000e+00,1.295336787564770747e-02,2.590673575129541148e-03,0.000000000000000000e+00,2.590673575129541148e-03,0.000000000000000000e+00,0.000000000000000000e+00,0.000000000000000000e+00,0.000000000000000000e+00,0.000000000000000000e+00,2.590673575129541148e-03,2.590673575129541148e-03,0.000000000000000000e+00,3.886010362694311548e-02,2.590673575129541148e-03,0.000000000000000000e+00,0.000000000000000000e+00,0.000000000000000000e+00,5.181347150259082296e-03,0.000000000000000000e+00,1.000000000000000000e+00,0.000000000000000000e+00,0.000000000000000000e+00,0.000000000000000000e+00,5.181347150259082296e-03,2.590673575129541148e-03,0.000000000000000000e+00,0.000000000000000000e+00,0.000000000000000000e+00,1.295336787564770747e-02,0.000000000000000000e+00,2.590673575129541148e-03,2.590673575129541148e-03,1.036269430051816459e-02,2.590673575129541148e-03,2.590673575129541148e-03,0.000000000000000000e+00,2.590673575129541148e-03,5.181347150259082296e-03,0.000000000000000000e+00,3.886010362694311548e-02,0.000000000000000000e+00,1.295336787564770747e-02,5.181347150259082296e-03,0.000000000000000000e+00,2.072538860103632918e-02,0.000000000000000000e+00,1.295336787564770747e-02,0.000000000000000000e+00,0.000000000000000000e+00,0.000000000000000000e+00,0.000000000000000000e+00,5.181347150259082296e-03,1.813471502590678630e-02
1.138952164009110696e-03,0.000000000000000000e+00,0.000000000000000000e+00,0.000000000000000000e+00,0.000000000000000000e+00,0.000000000000000000e+00,0.000000000000000000e+00,2.277904328018221392e-03,3.416856492027364398e-03,1.138952164009110696e-03,0.000000000000000000e+00,0.000000000000000000e+00,0.000000000000000000e+00,9.681093394077389114e-02,2.733485193621891518e-02,0.000000000000000000e+00,0.000000000000000000e+00,0.000000000000000000e+00,8.656036446469195234e-02,3.416856492027364398e-03,0.000000000000000000e+00,0.000000000000000000e+00,0.000000000000000000e+00,0.000000000000000000e+00,0.000000000000000000e+00,1.000000000000000000e+00,1.138952164009110696e-03,1.138952164009110696e-03,0.000000000000000000e+00,3.872437357630967303e-02,0.000000000000000000e+00,0.000000000000000000e+00,2.619589977220947510e-02,1.366742596810945759e-02,0.000000000000000000e+00,2.277904328018217142e-02,2.619589977220947510e-02,7.972665148063818458e-03,2.277904328018221392e-03,7.972665148063818458e-03,1.138952164009110696e-03,2.277904328018221392e-03,2.277904328018221392e-03,1.138952164009110696e-03,0.000000000000000000e+00,0.000000000000000000e+00,7.972665148063818458e-03,0.000000000000000000e+00,0.000000000000000000e+00,2.277904328018221392e-03,0.000000000000000000e+00,0.000000000000000000e+00,0.000000000000000000e+00,0.000000000000000000e+00,0.000000000000000000e+00,1.936218678815483651e-02,0.000000000000000000e+00,0.000000000000000000e+00
1.745440282408322608e-02,6.537229522128540577e-04,2.614891808851426964e-04,2.614891808851426964e-04,2.026541151859848674e-03,1.307445904425713482e-04,7.517813950447801118e-03,3.922337713277133128e-04,3.856965418055806945e-03,1.019807805452053150e-02,0.000000000000000000e+00,6.537229522128567411e-05,4.576060665489962358e-04,1.961168856638566564e-04,5.948878865136968466e-03,1.765051970974694214e-03,6.537229522128567411e-05,0.000000000000000000e+00,2.170360201346687931e-02,3.268614761064253700e-03,7.190952474341366987e-03,1.176701313983131861e-03,3.922337713277133128e-04,6.275740341243413005e-03,0.000000000000000000e+00,0.000000000000000000e+00,1.000000000000000000e+00,2.222658037523716091e-03,1.045956723540570786e-03,1.137477936850359896e-02,4.053082303719697348e-03,0.000000000000000000e+00,5.491272798587910377e-03,8.629142969209685834e-03,8.498398378767093100e-03,5.425900503366719828e-03,6.471857226907177206e-03,1.333594822514220374e-02,4.249199189383546550e-03,1.614695691965734731e-02,9.152121330979881564e-03,4.837549846375089821e-03,4.837549846375086698e-02,3.209779695365119756e-02,1.111329018761858045e-03,0.000000000000000000e+00,1.961168856638566564e-04,2.680264104072711297e-03,1.372818199646977594e-03,4.249199189383546550e-03,1.961168856638566564e-04,4.576060665489962358e-04,0.000000000000000000e+00,2.745636399293955188e-03,3.595476237170683494e-03,4.510688370268645282e-03,5.229783617702853929e-04,1.307445904425713482e-04
3.214483650471096354e-02,0.000000000000000000e+00,7.389617587289854569e-04,0.000000000000000000e+00,1.293183077775717773e-03,1.108442638093471355e-03,4.138185848882296874e-02,7.389617587289854569e-04,8.128579346018847615e-03,1.108442638093471355e-03,1.847404396822463642e-04,3.694808793644950486e-03,0.000000000000000000e+00,5.542213190467356774e-04,2.771106595233712323e-03,5.542213190467356774e-04,6.281174949196405982e-03,3.694808793644927284e-04,1.440975429521527615e-02,7.389617587289854569e-04,1.404027341585072607e-02,0.000000000000000000e+00,4.433770552373885419e-03,2.216885276186942710e-03,0.000000000000000000e+00,0.000000000000000000e+00,1.071494550157037380e-02,1.000000000000000000e+00,3.879549233327209048e-03,1.200812857934605883e-02,1.219286901902815259e-02,5.542213190467356774e-04,5.911694069831883655e-03,1.995196748568252645e-02,0.000000000000000000e+00,1.477923517457970914e-03,5.726953630149634634e-03,2.438573803805630519e-02,4.064289673009423808e-03,1.847404396822463642e-04,1.459449473489735083e-02,1.847404396822475243e-03,2.198411232218711042e-02,2.032144836504711904e-03,7.389617587289854569e-04,0.000000000000000000e+00,5.542213190467356774e-04,1.259929798632915265e-01,3.971919453168303721e-02,2.401625715869213414e-03,0.000000000000000000e+00,9.237021984112376216e-04,0.000000000000000000e+00,2.216885276186942710e-03,1.847404396822463642e-04,3.694808793644927284e-04,6.835396268243116615e-03,9.237021984112376216e-04
9.143100148841129884e-03,0.000000000000000000e+00,0.000000000000000000e+00,5.528386136508574994e-03,2.126302360195617526e-04,4.252604720391235053e-04,7.016797788645512575e-03,0.000000000000000000e+00,1.382096534127166300e-02,1.913672124176045257e-03,1.063151180097809956e-03,4.252604720391239823e-03,0.000000000000000000e+00,4.252604720391235053e-04,2.551562832234760114e-03,2.126302360195617526e-04,4.252604720391235053e-04,8.505209440782470105e-04,1.339570486923236797e-02,4.252604720391235053e-04,3.827344248352090514e-03,2.126302360195617526e-04,1.913672124176045257e-03,8.505209440782470105e-04,0.000000000000000000e+00,1.913672124176045257e-03,1.488411652136929775e-03,1.063151180097809956e-03,1.000000000000000000e+00,8.079948968743391052e-03,1.811609610886661947e-01,2.126302360195617526e-04,4.252604720391235053e-04,4.614076121624492016e-02,0.000000000000000000e+00,4.039974484371695526e-03,3.189453540293429867e-03,1.041888156495849455e-02,5.315755900489049779e-03,4.890495428449896133e-03,4.465234956410777181e-03,2.976823304273859550e-03,8.079948968743391052e-03,2.764193068254287497e-03,1.701041888156494021e-03,1.275781416117380057e-03,8.505209440782470105e-04,8.930469912821554362e-03,2.976823304273859550e-03,1.063151180097809956e-03,1.530937699340836206e-02,1.063151180097809956e-03,0.000000000000000000e+00,1.063151180097809956e-03,6.378907080586900284e-04,8.505209440782470105e-04,5.528386136508574994e-03,2.594088879438655529e-02
2.632350389767361496e-03,5.982614522198465815e-06,5.384353069978641595e-05,2.093915082769471302e-04,9.572183235517545304e-05,4.187830165538985024e-05,1.202505518961894055e-03,0.000000000000000000e+00,1.166609831828703016e-03,1.411897027238832132e-03,2.991307261099256624e-05,1.675132066215594010e-04,1.794784356659550424e-03,1.274296893228277433e-03,2.644315618811732705e-03,4.068177875094967596e-04,4.786091617758772652e-05,1.794784356659559734e-05,1.475970828771601129e-01,3.828873294207018121e-04,2.452871954101392533e-04,3.051133406321254564e-04,8.375660331077970048e-05,3.828873294207018121e-04,0.000000000000000000e+00,6.431310611363373099e-03,8.256008040633909658e-04,4.247656310760926585e-04,3.769047148985031430e-04,1.000000000000000000e+00,1.322157809405866353e-03,1.794784356659559734e-05,3.909040328804470193e-02,1.687097295259963213e-03,4.187830165538985024e-05,4.007753468420779258e-02,2.292537884906470716e-02,2.853707127088662976e-03,6.162092957864496361e-04,1.645218993604590473e-03,1.818714814748345100e-03,2.638333004289527585e-03,3.936560355606594924e-03,3.709221003763043655e-04,2.273393518435431375e-04,1.196522904439693163e-05,1.136696759217715688e-04,4.486960891648876060e-04,4.845917762980797290e-04,3.649394858541055880e-04,4.786091617758772652e-05,5.384353069978641595e-05,1.794784356659559734e-05,4.307482455982913276e-04,5.384353069978641595e-05,2.895585428744045040e-03,2.871654970655295575e-04,2.991307261099256624e-05
1.026061974143244009e-02,1.231274368971880531e-04,8.618920582803182417e-04,4.063205417607236407e-03,1.395444284834794230e-03,6.977221424173971152e-04,7.757028524522940720e-03,0.000000000000000000e+00,1.789452082905816296e-02,3.283398317258360080e-03,2.872973527601055204e-04,5.745947055202110408e-04,4.104247896572971242e-05,4.104247896572971242e-05,2.052123948286468328e-03,3.693823106915672221e-04,5.335522265544878065e-04,6.156371844859486950e-04,1.592448183870314588e-02,7.387646213831344441e-04,3.406525754155563177e-03,6.566796634516753987e-04,9.029345372460476559e-04,2.134208906217951226e-03,0.000000000000000000e+00,1.641699158629188497e-04,3.037143443463971668e-03,1.928996511389297758e-03,2.433819002667744411e-02,1.128668171557566796e-02,1.000000000000000000e+00,6.566796634516753987e-04,4.719885081058867136e-03,1.567412271701214277e-01,2.462548737943761061e-04,1.682741637594918887e-03,6.813051508311126353e-03,9.521855120049299570e-03,8.988302893494734894e-03,2.585676174840956677e-03,4.925097475887589560e-03,1.764826595526357766e-03,9.152472809357707628e-03,1.436486763800534812e-03,1.272316847937608048e-03,1.231274368971880531e-04,9.850194951775044245e-04,7.510773650728555344e-03,4.268417812435902452e-03,2.955058485532537776e-03,3.981120459675786469e-03,4.925097475887522122e-04,0.000000000000000000e+00,8.208495793145900200e-04,6.566796634516753987e-04,6.566796634516753987e-04,9.193515288323376652e-03,7.880155961420035396e-03
8.695652173913001950e-03,0.000000000000000000e+00,0.000000000000000000e+00,3.975155279503135575e-02,0.000000000000000000e+00,0.000000000000000000e+00,8.695652173913001950e-03,0.000000000000000000e+00,2.484472049689459734e-03,2.484472049689459734e-03,6.211180124223552625e-03,6.211180124223552625e-03,0.000000000000000000e+00,0.000000000000000000e+00,1.118012422360248510e-02,1.242236024844729867e-03,1.242236024844729867e-03,5.465838509316753302e-02,7.453416149068338437e-03,1.242236024844729867e-03,1.242236024844729867e-03,1.242236024844729867e-03,0.000000000000000000e+00,2.484472049689459734e-03,0.000000000000000000e+00,0.000000000000000000e+00,1.242236024844729867e-03,0.000000000000000000e+00,3.726708074534169218e-03,6.211180124223552625e-03,2.484472049689459734e-03,1.000000000000000000e+00,1.242236024844729867e-03,2.111801242236038822e-02,0.000000000000000000e+00,1.242236024844729867e-03,3.726708074534169218e-03,6.211180124223552625e-03,2.484472049689459734e-03,0.000000000000000000e+00,0.000000000000000000e+00,1.242236024844729867e-03,2.484472049689459734e-03,0.000000000000000000e+00,3.105590062111799471e-02,8.695652173913001950e-03,6.211180124223552625e-03,8.695652173913001950e-03,0.000000000000000000e+00,2.484472049689459734e-03,9.937888198757838937e-03,1.366459627329188325e-02,0.000000000000000000e+00,0.000000000000000000e+00,2.484472049689459734e-03,0.000000000000000000e+00,7.453416149068338437e-03,1.242236024844729867e-03
1.641176332674252345e-03,0.000000000000000000e+00,6.252100314949514349e-05,5.470587775580868932e-05,3.126050157474757175e-05,1.563025078737378587e-05,7.346217870065680682e-04,7.815125393686986788e-05,4.220167712590929335e-04,1.148823432871981303e-03,1.563025078737378587e-05,1.563025078737397358e-04,6.635041459240210472e-03,5.470587775580886686e-04,2.133529232476551792e-03,8.596637933055635593e-05,2.344537618106071439e-05,0.000000000000000000e+00,8.259806028587769744e-02,2.422688872042959426e-04,2.813445141727315135e-04,1.250420062989902870e-04,1.406722570863657568e-04,2.422688872042959426e-04,0.000000000000000000e+00,8.596637933055609844e-04,8.127730409434408363e-04,3.907562696843493394e-05,2.188235110232347573e-04,5.547176004438974378e-02,3.907562696843495291e-04,1.563025078737378587e-05,1.000000000000000000e+00,1.523949451768962220e-03,3.907562696843493394e-05,9.878318497620294791e-02,4.121697132630505744e-02,1.430167947044707179e-03,8.362184171245013982e-04,1.156638558265659375e-03,7.268066616128800216e-04,1.531764577162641810e-03,1.664621708855320388e-03,2.266386364169206626e-04,2.422688872042959426e-04,0.000000000000000000e+00,3.907562696843493394e-05,2.891596395664148438e-04,2.422688872042959426e-04,2.969747649601016436e-04,5.470587775580868932e-05,9.378150472424285754e-05,7.815125393686892937e-06,7.971427901560745009e-04,7.815125393686892937e-06,2.289831740350270657e-03,2.266386364169206626e-04,3.907562696843493394e-05
1.538220249010713303e-02,2.171605057426904441e-04,2.424958980793342437e-03,3.353923366470409548e-03,1.206447254126052698e-03,5.549657368979794142e-04,8.167647910433412789e-03,8.445130778882411278e-05,2.342920567512783020e-02,8.396872888717271319e-03,3.739986487790732768e-04,5.790946819805021769e-04,2.050960332014292525e-04,8.445130778882411278e-05,2.678312904159847220e-03,8.686420229707617763e-04,7.238683524756260677e-04,2.171605057426904441e-04,1.467039861017278325e-02,8.565775504295001239e-04,2.292249782839486053e-03,2.050960332014292525e-04,6.997394073931029797e-04,4.029533828781016978e-03,9.651578033008371873e-05,1.447736704951255442e-04,2.545603706205957009e-03,1.882057716436642131e-03,4.741337708715336399e-03,7.588553228452855209e-03,7.362947591931245928e-02,3.378052311552964511e-04,3.197085223434005790e-03,1.000000000000000000e+00,3.378052311552964511e-04,2.376701090628295827e-03,4.524177202972707972e-03,1.778303252581807728e-02,1.979779944020856539e-02,1.845864298812846440e-03,9.048354405945415943e-03,9.530933307595831514e-04,1.102692790271217471e-02,2.038895859473031143e-03,1.375349869703709760e-03,2.412894508252092968e-05,4.101920664028585049e-04,1.263150275069965280e-02,3.365987839011678247e-03,4.874046906669256968e-03,2.798957629572411919e-03,8.203841328057170099e-04,7.238683524756277211e-05,1.833799826271597906e-03,1.652832738152686673e-03,3.981275938615968526e-04,2.157127690377365348e-02,4.307016697230032706e-03
9.990633780830532676e-03,6.244146113019082922e-04,0.000000000000000000e+00,3.122073056509541461e-04,4.370902279113352516e-03,0.000000000000000000e+00,4.683109584764305090e-03,0.000000000000000000e+00,1.248829222603816584e-03,6.244146113019106124e-03,0.000000000000000000e+00,3.122073056509541461e-04,1.248829222603816584e-03,0.000000000000000000e+00,6.868560724320935812e-03,9.366219169528576137e-04,0.000000000000000000e+00,0.000000000000000000e+00,1.685919450515148757e-02,1.248829222603816584e-03,0.000000000000000000e+00,6.244146113019082922e-04,6.244146113019082922e-04,9.678426475179571428e-03,0.000000000000000000e+00,0.000000000000000000e+00,5.994380268498288727e-02,1.248829222603816584e-03,3.122073056509541461e-04,7.492975335622860909e-03,1.248829222603816584e-03,9.366219169528576137e-04,4.370902279113352516e-03,9.990633780830532676e-03,1.000000000000000000e+00,1.248829222603816584e-03,1.561036528254776531e-03,1.030284108648149392e-02,4.995316890415266338e-03,4.370902279113352516e-03,5.619731501717186231e-03,1.248829222603816584e-03,2.282235404308464999e-01,5.463627848891652872e-02,1.248829222603816584e-03,3.122073056509541461e-04,0.000000000000000000e+00,3.122073056509541461e-04,2.185451139556676258e-03,4.995316890415266338e-03,0.000000000000000000e+00,1.561036528254776531e-03,0.000000000000000000e+00,6.244146113019082922e-04,4.683109584764305090e-03,0.000000000000000000e+00,2.185451139556676258e-03,3.122073056509541461e-04
8.105604446503001867e-04,0.000000000000000000e+00,0.000000000000000000e+00,8.016531870167880594e-05,8.907257633519818387e-06,6.235080343463839667e-05,6.858588377810227428e-04,0.000000000000000000e+00,2.850322442726341884e-04,1.460790251897257398e-03,8.016531870167880594e-05,6.235080343463839667e-05,2.805786154558731916e-03,4.988064274771071734e-04,4.943527986603472174e-03,1.781451526703951209e-04,2.672177290055937046e-05,1.781451526703963677e-05,1.492143798767240626e-01,1.603306374033576119e-04,3.741048206078307595e-04,8.016531870167880594e-05,8.016531870167880594e-05,5.344354580111849561e-04,2.672177290055937046e-05,1.175758007624607381e-03,4.720846545765457463e-04,2.226814408379938130e-04,8.907257633519756045e-05,4.311112694623596420e-02,2.048669255709557077e-04,0.000000000000000000e+00,8.554530231232339299e-02,9.797983396871805511e-04,8.016531870167880594e-05,1.000000000000000000e+00,1.540955570598935738e-02,1.362810417928520673e-03,5.789717461787890693e-04,9.174475362525411244e-04,5.789717461787890693e-04,9.352620515195752453e-04,1.211387038158694704e-03,7.125806106815854709e-05,4.631773969430257585e-04,0.000000000000000000e+00,6.235080343463839667e-05,4.008265935083907229e-04,1.692378950368750789e-04,3.830120782413485247e-04,3.562903053407927355e-05,1.247016068692767933e-04,8.907257633519818387e-06,7.393023835821422359e-04,5.344354580111874091e-05,2.173370862578842110e-03,2.583104713720744418e-04,8.907257633519818387e-06
2.439932709224242827e-03,2.568350220236041080e-05,4.494612885413067993e-05,1.412592621129818155e-04,9.631313325885143377e-05,2.568350220236041080e-05,1.842791283019343295e-03,1.027340088094416432e-04,1.297016861219192109e-03,1.252070732365055412e-03,1.284175110118020540e-05,1.862053909671133357e-04,7.653683656303437478e-03,8.090303193743487694e-04,1.971208794031150627e-03,3.467272797318667553e-04,3.210437775295028819e-05,6.420875550590102700e-06,4.259608840261463331e-02,2.889393997765512655e-04,3.531481552824520045e-04,2.118888931694719779e-04,1.091548843600304974e-04,3.146229019789118322e-04,6.420875550590102700e-06,3.640636437184591959e-03,7.255589372166790013e-04,2.118888931694719779e-04,4.944074173954338472e-04,2.721809145895135590e-02,1.695111145355775823e-03,2.568350220236041080e-05,2.943971439945529747e-02,2.388565704819496215e-03,1.027340088094416432e-04,1.797203066610172234e-02,1.000000000000000000e+00,3.589269432779860960e-03,6.741919328119573259e-04,1.097969719150898409e-03,1.791424278614638099e-03,1.637323265400458762e-03,3.396643166262180644e-03,4.687239151930740395e-04,2.504141464730141290e-04,0.000000000000000000e+00,7.705050660708125272e-05,5.907205506542888588e-04,5.842996751036992186e-04,6.228249284072354336e-04,1.027340088094416432e-04,6.420875550590057637e-05,0.000000000000000000e+00,5.200909195977946849e-04,1.219966354612107942e-04,2.279410820459466802e-03,2.118888931694719779e-04,6.420875550590057637e-05
6.687725343798806010e-02,3.509779522031824975e-04,2.552566925114056252e-04,2.233496059474829646e-04,7.976771640981444693e-04,1.595354328196296474e-04,2.871637790753334141e-02,3.190708656392570315e-05,5.551833062123132101e-03,3.286429916084388034e-03,6.381417312785140630e-05,7.657700775342205076e-04,0.000000000000000000e+00,6.381417312785140630e-05,2.169681886346947787e-03,7.338629909702995818e-04,3.509779522031824975e-04,0.000000000000000000e+00,4.677578890271541501e-02,4.786062984588888608e-04,1.282664879869819217e-02,3.190708656392592948e-04,9.572125969177777216e-04,1.372004722248802017e-03,0.000000000000000000e+00,2.871637790753348452e-04,3.796943301107152773e-03,5.168948023355938309e-03,4.658434638333157525e-03,1.563447241632361442e-02,1.139082990332160317e-02,9.572125969177756346e-05,9.986918094508818317e-03,1.247567084649503326e-02,1.914425193835551269e-04,5.519925975559170951e-03,1.537921572381233636e-02,1.000000000000000000e+00,4.179828339874253756e-03,1.978239366963397295e-03,1.435499824511033695e-01,2.169681886346947787e-03,3.650170702913144855e-02,3.669314954851459094e-03,2.552566925114056252e-04,3.190708656392570315e-05,3.190708656392592948e-04,8.136307073801087378e-03,1.317762675090133548e-02,2.201588972910892891e-03,3.190708656392570315e-05,1.276283462557028126e-04,0.000000000000000000e+00,9.572125969177777216e-04,3.828850387671102538e-04,1.627261414760217345e-03,2.169681886346947787e-03,1.914425193835551269e-04
6.382348984259414437e-02,7.264899771290162390e-04,7.345620879860062166e-03,2.717610655186303726e-03,6.565316830351141872e-03,5.112336876093097034e-04,1.719359612538684870e-02,1.076281447598552058e-04,8.502623436028561299e-03,7.049643481770436447e-03,2.959773980896019752e-04,5.112336876093097034e-04,3.228844342795654412e-04,2.690703618996380145e-05,4.628010224673785762e-03,8.072110856989166659e-04,1.883492533297452651e-04,1.614422171397827206e-04,1.684380465491730136e-02,1.264630700928300521e-03,1.318444773308224093e-03,2.690703618996356902e-04,4.843266514193441774e-04,5.623570563702428964e-03,0.000000000000000000e+00,2.421633257096720887e-04,3.874613211354753419e-03,8.610251580788416464e-04,2.340912148526832007e-03,7.937575676039334421e-03,8.502623436028561299e-03,5.381407237992760290e-05,3.874613211354753419e-03,5.289923314946813615e-02,4.574196152293819582e-04,3.040495089465895893e-03,4.224404681824282110e-03,1.477196286828996556e-02,1.000000000000000000e+00,3.121216198035773118e-03,8.206646037938958999e-03,9.955603390286494898e-04,2.612673214045461642e-02,4.009148392304594764e-03,6.995829409390536945e-04,0.000000000000000000e+00,2.959773980896019752e-04,4.089869500874477627e-03,1.802771424727554229e-03,4.899771290192386775e-02,9.148392304587639164e-04,8.610251580788416464e-04,8.072110856989136031e-05,1.883492533297450536e-03,3.820799138974853050e-03,7.533970133189810603e-04,2.852145836136138566e-03,9.417462666487252682e-04
5.638400474812676165e-03,7.418947993174587882e-05,3.709473996587305325e-04,8.160842792492060222e-04,5.193263595222228322e-04,2.967579197269835153e-04,7.196379553379363310e-03,4.451368795904712071e-04,6.899621633652328404e-03,1.580235922546175190e-02,7.418947993174587882e-05,2.967579197269835153e-04,4.451368795904712071e-04,0.000000000000000000e+00,1.179612730914758427e-02,6.083537354403084976e-03,3.709473996587305325e-04,0.000000000000000000e+00,3.145633949106011601e-02,4.377179315973020457e-03,4.451368795904712071e-04,7.418947993174610650e-04,7.418947993174610650e-04,1.409600118703169041e-03,7.418947993174587882e-05,1.854736998293638568e-03,1.283478002819204294e-02,5.193263595222228322e-04,2.596631797611077732e-03,1.098004302989832350e-02,5.935158394539688520e-03,2.225684397952356036e-04,6.454484754061916990e-03,5.044884635358735589e-03,8.160842792492060222e-04,4.896505675495250662e-03,1.320572742785062342e-02,4.006231916314270843e-03,3.264337116996824089e-03,1.000000000000000000e+00,4.599747755768216623e-03,5.119074115290445787e-02,1.068328511017133629e-02,2.448252837747625331e-03,1.112842198976175985e-03,0.000000000000000000e+00,8.160842792492060222e-04,1.038652719044445664e-03,1.854736998293638568e-03,1.854736998293638568e-03,1.409600118703169041e-03,2.225684397952356036e-04,7.418947993174587882e-05,5.564210994880970131e-03,1.483789598634922130e-03,5.935158394539688520e-03,6.677053193857085183e-04,5.935158394539670305e-04
5.776439501013923283e-02,7.066920666134119192e-04,8.603207767467532102e-04,9.217722608001021733e-05,3.594911817120366275e-03,3.379831622933705077e-04,2.378172432864269700e-02,0.000000000000000000e+00,9.340625576107699710e-03,3.256928654826986118e-03,6.145148405333969313e-05,3.994346463467054304e-04,3.072574202666984657e-05,6.145148405333969313e-05,2.365882136053596482e-03,8.603207767467532102e-04,8.295950347200819813e-04,1.229029681066793863e-04,2.974251828181633320e-02,2.458059362133587725e-04,7.712161248694124685e-03,6.145148405334017018e-04,5.223376144533887740e-04,1.505561359306834164e-03,0.000000000000000000e+00,3.379831622933705077e-04,7.282000860320746345e-03,3.379831622933670600e-03,8.234498863147534167e-03,1.161433048608129584e-02,1.732931850304186491e-02,1.843544521600204347e-04,5.254101886560598976e-03,1.167578197013462507e-02,3.379831622933705077e-04,3.410557364960342154e-03,9.555705770294384976e-03,1.472992072758567139e-01,6.483131567627301549e-03,2.458059362133606807e-03,1.000000000000000000e+00,3.318380138880327925e-03,9.417439931174320655e-02,6.698211761813998959e-03,7.374178086400817386e-04,6.145148405333969313e-05,2.458059362133587725e-04,1.112271861365457179e-02,5.161924660480584313e-03,3.472008849013682227e-03,1.843544521600204347e-04,2.150801941866883026e-04,6.145148405333969313e-05,5.223376144533887740e-04,1.659190069440163963e-03,7.681435506667522086e-04,2.857494008480318797e-03,6.145148405333969313e-05
1.219585101931021029e-02,5.978358342799069291e-05,3.587015005679406203e-04,7.174030011358812405e-04,2.989179171399539321e-04,0.000000000000000000e+00,1.249476893644995042e-02,0.000000000000000000e+00,2.211992586835660659e-03,5.021821007951179743e-03,5.978358342799069291e-05,3.587015005679406203e-04,7.174030011358812405e-04,5.380522508519131530e-04,9.087104681054560332e-03,1.434806002271762481e-03,0.000000000000000000e+00,5.978358342799069291e-05,6.612064327135767916e-02,1.016320918275844280e-03,3.646798589107409262e-03,5.380522508519131530e-04,1.793507502839703101e-04,1.195671668559815728e-03,0.000000000000000000e+00,2.869612004543524962e-03,4.184850839959342907e-03,1.076104501703826306e-03,5.380522508519131530e-04,2.271776170263636874e-02,2.750044837687586497e-03,0.000000000000000000e+00,1.094039576732222518e-02,3.885932922819373362e-03,5.978358342799069291e-05,1.333173910444192603e-02,1.632091827584147489e-02,8.190350929634717184e-03,1.375022418843793249e-03,5.757159084115534564e-02,6.516410593651009685e-03,1.000000000000000000e+00,1.506546302385374306e-02,1.673940335983738073e-03,5.380522508519131530e-04,0.000000000000000000e+00,1.195671668559813858e-04,2.750044837687586497e-03,1.554373169127762746e-03,1.494589585699763589e-03,0.000000000000000000e+00,5.978358342799069291e-05,0.000000000000000000e+00,1.972858253123686151e-03,5.978358342799069291e-05,2.439170203862042058e-02,5.978358342799078642e-04,2.391343337119627716e-04
5.041996318464973814e-02,5.120015603857036536e-04,9.020979873462498227e-04,6.704782338384243862e-04,2.511245748558457464e-03,9.752410674013472624e-05,1.874900952079094560e-02,4.876205337006736312e-05,7.923833672636005840e-03,4.937157903719352134e-03,4.876205337006736312e-05,6.339066938108801116e-04,2.925723202204065640e-04,1.828577001377532487e-04,3.815630676207805872e-03,7.436213138935256206e-04,2.925723202204065640e-04,2.438102668503368156e-05,2.592922187953321245e-02,1.633528787897251542e-03,3.242676549109496480e-03,5.973351537833242360e-04,4.388584803306054007e-04,4.461727883361184949e-03,0.000000000000000000e+00,4.510489936731249113e-04,1.147127305530837131e-02,3.437724762589767450e-03,3.937535809632959453e-03,1.525033219148854216e-02,9.923077860808687117e-03,1.097146200826513502e-04,4.096012483085629229e-03,1.138593946191069489e-02,4.035059916373057859e-03,3.949726322975462972e-03,9.411076300422958202e-03,3.386524606551166716e-02,9.325742707025347702e-03,3.742487596152693687e-03,3.766868622837723363e-02,3.376772195877154447e-03,1.000000000000000000e+00,1.806634077361009977e-02,8.045738806061171564e-04,2.438102668503368156e-05,2.803818068778898180e-04,6.704782338384303493e-03,4.291060696565969154e-03,5.144396630542062872e-03,1.340956467676865361e-04,1.706671867952369364e-04,4.876205337006736312e-05,1.024003120771407307e-03,1.816386488035018560e-03,1.231241847594207817e-03,1.572576221184674100e-03,2.316197535078191752e-04
2.590147282884721833e-02,2.031488065007628317e-03,1.117318435754188983e-03,4.062976130015223349e-04,2.234636871508377965e-03,2.031488065007611675e-04,1.554088369730819569e-02,0.000000000000000000e+00,1.046216353478923548e-02,4.977145759268664094e-03,3.047232097511407890e-04,2.234636871508377965e-03,4.062976130015223349e-04,0.000000000000000000e+00,3.859827323514439332e-03,1.218892839004563156e-03,3.047232097511407890e-04,3.047232097511407890e-04,3.544946673438267859e-02,1.625190452006089340e-03,4.672422549517545043e-03,4.062976130015223349e-04,4.062976130015223349e-04,5.789740985271681767e-03,0.000000000000000000e+00,9.141696292534303358e-04,4.885728796343290908e-02,1.218892839004563156e-03,4.164550533265638614e-03,1.371254443880147444e-02,9.751142712036505247e-03,0.000000000000000000e+00,6.907059421025877471e-03,1.350939563230060640e-02,3.859827323514439332e-03,6.297613001523604676e-03,1.391569324530221759e-02,2.458100558659207999e-02,6.399187404773974512e-03,6.196038598273262595e-03,1.970543423057401558e-02,3.047232097511447246e-03,8.735398679532813127e-02,1.000000000000000000e+00,2.234636871508377965e-03,0.000000000000000000e+00,1.422041645505342077e-03,2.742508887760286129e-03,3.148806500761802338e-03,2.437785678009126312e-03,6.094464195022815780e-04,4.062976130015223349e-04,0.000000000000000000e+00,1.015744032503814159e-03,2.539360081259538215e-03,4.469273743016755930e-03,2.640934484509887669e-03,2.031488065007611675e-04
5.227706846285329507e-03,0.000000000000000000e+00,2.010656479340524130e-04,6.534633557856658198e-03,4.021312958681048260e-04,1.809590831406450223e-03,1.608525183472419304e-03,1.306926711571332377e-03,2.814919071076693504e-03,1.910123655373471103e-03,2.915451895043726094e-03,3.920780134714008623e-03,0.000000000000000000e+00,1.005328239670262065e-04,3.317583190911816988e-03,2.010656479340524130e-04,9.047954157032251114e-04,1.427566100331751839e-02,9.047954157032293832e-03,3.217050366944838608e-03,1.005328239670262065e-04,3.015984719010746757e-04,1.105861063637286279e-03,1.005328239670255424e-03,3.015984719010746757e-04,2.010656479340524130e-04,1.206393887604298703e-03,7.037297677691733760e-04,1.105861063637286279e-03,4.926108374384279009e-03,6.434100733889677216e-03,1.407459535538346752e-03,3.015984719010765189e-03,1.618578465869103047e-02,5.026641198351277122e-04,2.613853423142664754e-03,4.021312958681021697e-03,2.915451895043726094e-03,5.227706846285329507e-03,1.306926711571332377e-03,1.507992359505382594e-03,5.026641198351277122e-04,4.222378606615063458e-03,1.809590831406450223e-03,1.000000000000000000e+00,0.000000000000000000e+00,1.548205489092183487e-02,5.529305318186402557e-03,1.709058007439434763e-03,1.105861063637286279e-03,2.010656479340510849e-03,4.383231124962316122e-02,6.233035085955566934e-03,2.412787775208597406e-03,1.005328239670262065e-04,3.015984719010746757e-04,3.317583190911816988e-03,1.809590831406450223e-03
0.000000000000000000e+00,0.000000000000000000e+00,0.000000000000000000e+00,8.771929824561345776e-03,0.000000000000000000e+00,0.000000000000000000e+00,0.000000000000000000e+00,0.000000000000000000e+00,0.000000000000000000e+00,0.000000000000000000e+00,0.000000000000000000e+00,0.000000000000000000e+00,0.000000000000000000e+00,0.000000000000000000e+00,0.000000000000000000e+00,0.000000000000000000e+00,0.000000000000000000e+00,8.771929824561345776e-03,8.771929824561345776e-03,0.000000000000000000e+00,0.000000000000000000e+00,0.000000000000000000e+00,0.000000000000000000e+00,0.000000000000000000e+00,0.000000000000000000e+00,0.000000000000000000e+00,0.000000000000000000e+00,1.754385964912269155e-02,7.894736842105212760e-02,0.000000000000000000e+00,2.631578947368424376e-02,5.263157894736848752e-02,0.000000000000000000e+00,3.508771929824538310e-02,0.000000000000000000e+00,0.000000000000000000e+00,8.771929824561345776e-03,0.000000000000000000e+00,0.000000000000000000e+00,0.000000000000000000e+00,0.000000000000000000e+00,0.000000000000000000e+00,0.000000000000000000e+00,0.000000000000000000e+00,0.000000000000000000e+00,1.000000000000000000e+00,0.000000000000000000e+00,0.000000000000000000e+00,0.000000000000000000e+00,0.000000000000000000e+00,0.000000000000000000e+00,0.000000000000000000e+00,0.000000000000000000e+00,0.000000000000000000e+00,0.000000000000000000e+00,0.000000000000000000e+00,0.000000000000000000e+00,1.754385964912269155e-02
7.860262008733652495e-03,0.000000000000000000e+00,4.366812227074273853e-04,2.620087336244531027e-03,0.000000000000000000e+00,4.366812227074273853e-04,1.310043668122265513e-03,3.056768558951977657e-03,4.366812227074273853e-04,4.803493449781642312e-03,6.550218340611352504e-03,3.930131004366826247e-03,0.000000000000000000e+00,0.000000000000000000e+00,2.183406113537101744e-03,0.000000000000000000e+00,0.000000000000000000e+00,8.733624454148547706e-04,8.296943231441035807e-03,4.366812227074273853e-04,0.000000000000000000e+00,0.000000000000000000e+00,3.056768558951977657e-03,2.183406113537101744e-03,8.733624454148547706e-04,0.000000000000000000e+00,4.366812227074273853e-04,8.733624454148547706e-04,0.000000000000000000e+00,6.550218340611352504e-03,8.733624454148406976e-03,4.366812227074273853e-04,8.733624454148547706e-04,1.266375545851524363e-02,0.000000000000000000e+00,7.423580786026151221e-03,2.620087336244531027e-03,2.183406113537101744e-03,4.366812227074273853e-04,0.000000000000000000e+00,1.310043668122265513e-03,0.000000000000000000e+00,3.056768558951977657e-03,0.000000000000000000e+00,4.148471615720517730e-02,0.000000000000000000e+00,1.000000000000000000e+00,8.733624454148547706e-04,4.366812227074273853e-04,1.746724890829709541e-03,1.746724890829709541e-03,6.986899563318838165e-03,2.620087336244531027e-03,0.000000000000000000e+00,0.000000000000000000e+00,4.366812227074203488e-03,0.000000000000000000e+00,1.310043668122265513e-03
4.442117205567940735e-02,4.363572893485188962e-05,1.309071868045557502e-04,1.439979054850107397e-03,6.109002050879228226e-04,7.418073918924806328e-04,7.775886896190542519e-02,0.000000000000000000e+00,7.112623816380864161e-03,2.094514988872892003e-03,6.545359340227814614e-04,6.545359340227814614e-04,1.745429157394075585e-04,0.000000000000000000e+00,3.229043941179048343e-03,6.981716629576302340e-04,1.352707596980414623e-03,8.727145786970377924e-05,1.745429157394083261e-02,6.109002050879228226e-04,1.029803202862511306e-02,2.618143736091115004e-04,3.490858314788151170e-04,1.963607802068318038e-03,0.000000000000000000e+00,3.490858314788151170e-04,2.399965091416846313e-03,3.482131169001160403e-02,2.661779465025971257e-03,7.505345376794501921e-03,1.103983942051744299e-02,8.727145786970377924e-05,3.490858314788131220e-03,3.460313304533727680e-02,1.745429157394075585e-04,3.141772483309356219e-03,4.101758519876092315e-03,3.477767596107696202e-02,6.894445171706573353e-03,1.003621765501598422e-03,1.618885543483011488e-02,2.138150717807754328e-03,2.238512894357908012e-02,1.570886241654678109e-03,1.963607802068318038e-03,0.000000000000000000e+00,8.290788497621877189e-04,1.000000000000000000e+00,1.086529650477805614e-02,2.094514988872892003e-03,1.090893223371302038e-03,1.047257494436446001e-03,0.000000000000000000e+00,7.854431208273390547e-04,3.054501025439614113e-04,1.658157699524375438e-03,2.116332853340297665e-02,6.981716629576302340e-04
2.340860424372180962e-02,1.946661475569399970e-04,8.273311271169924395e-04,1.411329569787803540e-03,1.946661475569399970e-04,3.893322951138799941e-04,1.172863539030554250e-02,1.946661475569399970e-04,6.521315943157484155e-03,2.433326844461737928e-03,5.839984426708190153e-04,2.676659528907937482e-03,4.866653688923499926e-05,9.733307377846999852e-05,2.238660696904814628e-03,5.839984426708190153e-04,7.689312828499153193e-03,1.946661475569399970e-04,1.829861787035218582e-02,6.813315164492851107e-04,3.834923106871685611e-02,1.946661475569399970e-04,8.419310881837595295e-03,1.362663032898570221e-03,4.866653688923499926e-05,9.733307377846999852e-05,3.163324897800252021e-03,1.182596846408403603e-02,3.844656414249576597e-03,9.197975472065352681e-03,1.080397118941023651e-02,9.733307377847009610e-04,4.671987541366552123e-03,9.879306988514770932e-03,4.866653688923499926e-05,2.968658750243326119e-03,8.419310881837595295e-03,3.299591201090145559e-02,2.433326844461737928e-03,1.508662643566293380e-03,1.226396729608720398e-02,1.654662254233984879e-03,1.751995328012449782e-02,3.211991434689525672e-03,1.557329180455519976e-03,9.733307377846999852e-05,1.897994938680155159e-03,1.114463694763487278e-02,1.000000000000000000e+00,1.703328791123226221e-03,4.866653688923504805e-04,1.508662643566293380e-03,2.433326844461752402e-04,3.406657582246425554e-04,6.326649795600509246e-04,1.411329569787803540e-03,1.995328012458617677e-03,4.379988320031171617e-04
3.150406504065029339e-02,7.008690776562917849e-04,2.558172133445453956e-03,1.857303055789168893e-03,3.364171572750220950e-03,2.453041771797031547e-04,8.059994393047314326e-03,2.102607232968888094e-04,3.294084664984575292e-03,9.426689094477094799e-03,4.205214465937776188e-04,2.102607232968888094e-04,4.555649004765916659e-04,7.008690776562962572e-05,4.765909728062790209e-03,1.156433978132878192e-03,0.000000000000000000e+00,2.102607232968888094e-04,1.328146902158672260e-02,2.873563218390818002e-03,8.410428931875552376e-04,1.717129240257911403e-03,4.906083543594063094e-04,3.041771797028338525e-02,0.000000000000000000e+00,0.000000000000000000e+00,5.116344266890907912e-03,1.752172694140729462e-04,8.760863470703701521e-04,6.728343145500441901e-03,4.065040650406520108e-03,1.051303616484444047e-04,3.259041211101765690e-03,2.277824502382945829e-02,7.709559854219268180e-04,3.294084664984575292e-03,4.065040650406520108e-03,1.170451359686009059e-02,5.985421923184797849e-02,4.100084104289306725e-03,8.901037286234918244e-03,8.760863470703701521e-04,1.853798710400881775e-02,4.345388281469021209e-03,6.307821698906606548e-04,0.000000000000000000e+00,1.752172694140729462e-04,1.717129240257911403e-03,1.997476871320449151e-03,1.000000000000000000e+00,5.256518082422185134e-04,9.111298009531833319e-04,7.008690776562962572e-05,3.294084664984575292e-03,1.699607513316520047e-02,1.121390524250074011e-03,1.261564339781321310e-03,3.504345388281458924e-04
8.387888707037658917e-03,0.000000000000000000e+00,0.000000000000000000e+00,4.500818330605579898e-02,1.636661211129300433e-03,9.615384615384588163e-03,3.273322422258600865e-03,6.137479541734876080e-04,5.114566284779083205e-03,2.454991816693950432e-03,2.659574468085091573e-03,8.183306055646502163e-04,4.091653027823251082e-04,0.000000000000000000e+00,2.454991816693950432e-03,1.841243862520459788e-03,2.250409165302801485e-03,1.022913256955805452e-03,1.309328968903440346e-02,2.045826513911625541e-04,4.091653027823251082e-04,2.045826513911625541e-04,1.636661211129300433e-03,2.250409165302801485e-03,0.000000000000000000e+00,0.000000000000000000e+00,4.091653027823251082e-04,2.045826513911625541e-04,1.779869067103119831e-02,9.819967266775801729e-03,5.135024549918174724e-02,1.227495908346975216e-03,4.705400981996692503e-03,6.873977086743084108e-02,8.183306055646502163e-04,3.273322422258600865e-03,2.659574468085091573e-03,7.160392798690707120e-03,1.186579378068732676e-02,2.454991816693950432e-03,2.659574468085091573e-03,6.137479541734876080e-04,7.978723404255321991e-03,3.682487725040919577e-03,8.592471358428855135e-03,4.091653027823251082e-04,3.273322422258600865e-03,6.342062193126015053e-03,6.137479541734876080e-04,3.068739770867428933e-03,1.000000000000000000e+00,5.114566284779083205e-03,0.000000000000000000e+00,1.636661211129300433e-03,2.045826513911625541e-04,1.636661211129300433e-03,1.268412438625203011e-02,1.223404255319147788e-01
5.766062602965415194e-03,0.000000000000000000e+00,0.000000000000000000e+00,8.045030203185013495e-02,2.745744096650202539e-04,3.569467325645231479e-03,2.745744096650183999e-03,1.098297638660081016e-03,3.294892915980244565e-03,3.844041735310276073e-03,1.976935749588127830e-02,7.413509060955561329e-03,5.491488193300405078e-04,0.000000000000000000e+00,4.118616144975313295e-03,5.491488193300405078e-04,1.372872048325092000e-03,2.196595277320162031e-03,3.294892915980244565e-03,1.922020867655138037e-03,1.922020867655138037e-03,0.000000000000000000e+00,4.118616144975313295e-03,2.745744096650183999e-03,0.000000000000000000e+00,0.000000000000000000e+00,0.000000000000000000e+00,8.237232289950611411e-04,1.098297638660081016e-03,7.962657880285529954e-03,3.569467325645231479e-03,1.098297638660081016e-03,1.098297638660081016e-03,2.416254805052174895e-02,0.000000000000000000e+00,1.098297638660081016e-03,1.647446457990122282e-03,1.922020867655138037e-03,4.118616144975313295e-03,5.491488193300405078e-04,2.196595277320162031e-03,0.000000000000000000e+00,3.294892915980244565e-03,0.000000000000000000e+00,1.705107084019772123e-01,0.000000000000000000e+00,5.491488193300367998e-03,5.216913783635327741e-03,8.237232289950611411e-04,3.020318506315218619e-03,1.647446457990122282e-03,1.000000000000000000e+00,4.393190554640324062e-03,1.372872048325092000e-03,0.000000000000000000e+00,0.000000000000000000e+00,3.844041735310276073e-03,2.745744096650202539e-04
3.717472118959089852e-03,0.000000000000000000e+00,0.000000000000000000e+00,1.858736059479544926e-03,0.000000000000000000e+00,1.858736059479544926e-03,0.000000000000000000e+00,0.000000000000000000e+00,0.000000000000000000e+00,1.858736059479567174e-02,1.858736059479544926e-03,3.903345724907050784e-02,0.000000000000000000e+00,0.000000000000000000e+00,0.000000000000000000e+00,0.000000000000000000e+00,3.717472118959089852e-03,0.000000000000000000e+00,2.230483271375475682e-02,0.000000000000000000e+00,0.000000000000000000e+00,0.000000000000000000e+00,1.672862453531613267e-02,0.000000000000000000e+00,1.858736059479544926e-03,0.000000000000000000e+00,0.000000000000000000e+00,0.000000000000000000e+00,0.000000000000000000e+00,1.858736059479544926e-03,0.000000000000000000e+00,0.000000000000000000e+00,9.293680297397835868e-03,2.044609665427521081e-02,0.000000000000000000e+00,1.858736059479544926e-03,1.672862453531613267e-02,1.858736059479544926e-03,1.858736059479544926e-03,0.000000000000000000e+00,0.000000000000000000e+00,0.000000000000000000e+00,1.858736059479544926e-03,0.000000000000000000e+00,1.431226765799263057e-01,0.000000000000000000e+00,2.973977695167271881e-02,1.858736059479544926e-03,1.301115241635688452e-02,3.717472118959089852e-03,0.000000000000000000e+00,1.301115241635688452e-02,1.000000000000000000e+00,0.000000000000000000e+00,0.000000000000000000e+00,0.000000000000000000e+00,1.858736059479544926e-03,0.000000000000000000e+00
9.921595198915809238e-03,4.839802536056560315e-05,9.679605072113120631e-05,2.419901268028283885e-04,4.839802536056560315e-05,4.839802536056560315e-05,1.597134836898653296e-03,0.000000000000000000e+00,1.113154583292991695e-03,6.267544284193241055e-02,4.839802536056560315e-05,9.679605072113120631e-05,8.227664311296072237e-04,9.679605072113120631e-05,2.448940083244608573e-02,2.187590746297551555e-02,2.419901268028283885e-04,1.451940760816962199e-04,2.545736133965730702e-02,4.210628206369192682e-03,5.807763043267848797e-04,6.775723550479172651e-04,9.679605072113120631e-05,2.468299293388846391e-03,0.000000000000000000e+00,9.679605072113120631e-05,2.613493369470505558e-03,4.839802536056560315e-05,1.935921014422624126e-04,6.001355144710055455e-03,3.823444003484634517e-03,9.679605072113120631e-05,4.307424257090338403e-03,1.108314780756946769e-02,1.935921014422624126e-04,4.743006485335373584e-03,3.581453876681846109e-03,3.581453876681846109e-03,4.259026231729708296e-03,2.173071338689402596e-02,1.016358532571870693e-03,3.194269673797306593e-03,4.936598586777692782e-03,1.306746684735252779e-03,1.403542735456396982e-03,0.000000000000000000e+00,9.679605072113120631e-05,9.679605072113135538e-04,3.871842028845248252e-04,3.968638079566339655e-03,9.679605072113120631e-05,4.355822282450878195e-04,0.000000000000000000e+00,1.000000000000000000e+00,4.355822282450878195e-04,2.371503242667686792e-03,2.129513115864854148e-03,4.839802536056560315e-05
1.912568306010940453e-02,7.806401249024207427e-04,3.512880562060869977e-03,1.561280249804841485e-03,2.810304449648695982e-02,0.000000000000000000e+00,6.245120999219365941e-03,0.000000000000000000e+00,6.245120999219365941e-03,8.587041373926549565e-03,0.000000000000000000e+00,7.806401249024207427e-04,0.000000000000000000e+00,0.000000000000000000e+00,3.903200624512103822e-03,1.170960187353631060e-03,0.000000000000000000e+00,0.000000000000000000e+00,1.053864168618270404e-02,1.170960187353631060e-03,1.561280249804841485e-03,4.293520686963274782e-03,7.806401249024207427e-04,4.293520686963274782e-03,0.000000000000000000e+00,0.000000000000000000e+00,5.854800936768109546e-03,1.951600312256051911e-03,7.806401249024207427e-04,2.732240437158472545e-03,2.341920374707262120e-03,0.000000000000000000e+00,7.806401249024207427e-04,5.269320843091315071e-02,0.000000000000000000e+00,2.732240437158472545e-03,1.561280249804841485e-03,3.903200624512103822e-03,2.771272443403574939e-02,7.416081186572983340e-03,5.854800936768109546e-03,4.293520686963274782e-03,1.873536299765809696e-02,4.683840749414524239e-03,3.903200624512103713e-04,0.000000000000000000e+00,0.000000000000000000e+00,1.170960187353631060e-03,9.367681498829048478e-03,6.401249024199869020e-02,1.561280249804841485e-03,0.000000000000000000e+00,0.000000000000000000e+00,7.806401249024207427e-04,1.000000000000000000e+00,1.561280249804841485e-03,3.512880562060869977e-03,1.561280249804841485e-03
1.271964950299142973e-03,2.355490648702115964e-05,4.710981297404231928e-05,6.359824751495714865e-04,7.066471946106417010e-05,2.355490648702115964e-05,9.893060724548972430e-04,2.355490648702115964e-05,1.130635511377026722e-03,1.978612144909794486e-03,2.355490648702115964e-05,9.421962594808463856e-05,7.537570075846771085e-04,1.107080604890005359e-03,1.074103735808175711e-02,2.355490648702120572e-04,2.355490648702115964e-05,2.355490648702115964e-05,1.804541385970704626e-01,6.830922881236112850e-04,2.119941583831899353e-04,3.297686908182988100e-04,4.710981297404231928e-05,3.062137843312771218e-04,0.000000000000000000e+00,7.584679888820834194e-03,2.049276864370841878e-03,2.355490648702120572e-04,2.826588778442566804e-04,1.743063080039575913e-02,9.893060724548972430e-04,0.000000000000000000e+00,1.142412964620524544e-02,1.248410043812138307e-03,2.355490648702120572e-04,2.068120789560451769e-02,1.036415885428932510e-02,1.648843454091486081e-03,3.533235973053186008e-04,4.970085268761511264e-03,6.124275686625542435e-04,2.176473359400770899e-02,2.237716116267004542e-03,2.119941583831899353e-04,3.533235973053186008e-04,0.000000000000000000e+00,1.177745324351060286e-04,2.119941583831899353e-04,5.182079427144639129e-04,5.417628492014882032e-04,7.066471946106417010e-05,4.710981297404231928e-05,0.000000000000000000e+00,1.766617986526588342e-03,3.062137843312771218e-04,1.000000000000000000e+00,9.421962594808463856e-05,9.421962594808463856e-05
2.806528662420380502e-02,1.990445859872619968e-04,2.189490445859887304e-03,1.791401273885339296e-03,1.194267515923564879e-03,3.085191082802554025e-03,1.731687898089173325e-02,9.952229299363099838e-05,8.757961783439549217e-03,5.772292993630578038e-03,6.966560509554186285e-04,8.957006369426696478e-04,9.952229299363111494e-04,2.985668789808912198e-04,4.478503184713381741e-03,9.952229299363099838e-05,6.966560509554186285e-04,3.980891719745239935e-04,4.398885350318504361e-02,1.791401273885339296e-03,2.687101910828015340e-03,1.990445859872619968e-04,1.094745222929943652e-03,3.682324840764318249e-03,0.000000000000000000e+00,4.976114649681555747e-04,3.980891719745244597e-03,2.886146496815289019e-03,6.369426751592383897e-03,1.681926751592370539e-02,3.184713375796195678e-02,5.971337579617824395e-04,8.359872611464905581e-03,1.835191082802561380e-01,5.971337579617824395e-04,7.862261146496804867e-03,1.333598726114654243e-02,2.945859872611454600e-02,1.044984076433130328e-02,2.886146496815289019e-03,1.403264331210190251e-02,1.293789808917200418e-03,2.318869426751584903e-02,7.066082802547782142e-03,1.492834394904451328e-03,0.000000000000000000e+00,6.966560509554186285e-04,4.906449044585974723e-02,6.269904458598753345e-03,2.687101910828015340e-03,5.672770700636968304e-03,1.293789808917200418e-03,9.952229299363099838e-05,3.582802547770678591e-03,1.194267515923564879e-03,4.976114649681559650e-03,1.000000000000000000e+00,3.383757961783455653e-03
7.803534542116194808e-03,0.000000000000000000e+00,4.590314436538900909e-04,3.695203121413825204e-02,2.754188661923340654e-03,7.114987376635314650e-03,6.196924489327553659e-03,0.000000000000000000e+00,5.737893045673682704e-03,4.131282992885011197e-03,1.606610052788615345e-03,6.885471654808351634e-04,0.000000000000000000e+00,0.000000000000000000e+00,3.672251549231120727e-03,0.000000000000000000e+00,9.180628873077801818e-04,2.295157218269450454e-04,1.193481753500117391e-02,0.000000000000000000e+00,4.590314436538900909e-04,0.000000000000000000e+00,2.983704383750293478e-03,1.836125774615560364e-03,0.000000000000000000e+00,0.000000000000000000e+00,6.885471654808351634e-04,2.295157218269450454e-04,1.927932063346357236e-02,5.967408767500586957e-03,9.478999311452825094e-02,6.885471654808351634e-04,1.606610052788615345e-03,1.064952949277035155e-01,0.000000000000000000e+00,4.590314436538900909e-04,3.442735827404196959e-03,1.078723892586639158e-02,1.009869176038558254e-02,2.295157218269450454e-04,2.524672940096395635e-03,0.000000000000000000e+00,4.590314436538901234e-03,5.508377323846681307e-03,1.606610052788615345e-03,9.180628873077801818e-04,6.885471654808351634e-04,6.655955932981469717e-03,2.065641496442505599e-03,2.295157218269450617e-03,2.269910488868489562e-01,2.295157218269450617e-03,0.000000000000000000e+00,9.180628873077801818e-04,0.000000000000000000e+00,2.295157218269450454e-04,1.491852191875151466e-02,1.000000000000000000e+00
